Company,Ticker,Price 2005,Price 2006,Price 2007,Price 2008,Price 2009,Price 2010,Price 2011,Price 2012,Price 2013,Price 2014,Price 2015,Price 2016,Price 2017,Price 2018,Price 2019,Price 2020,Price 2021
Apple Inc.,AAPL,1.46,2.24,3.34,5.34,3.88,8.43,12.31,22.09,15.32,19.34,31.06,27.5,35.92,41.67,47.81,60.23,123
Microsoft Corporation,MSFT,24.12,27.56,27.74,29.5,19.31,29.16,25.48,32.29,28.61,41.42,40.72,55.57,65.55,88.52,119.02,152.11,242.35
Amazon.com Inc.,AMZN,34.01,36.14,40.42,76.7,73.5,131.81,180.13,198.05,261.61,342.99,370.26,598.5,891.51,1371.99,1814.19,1907.7,3161
Tesla Inc,TSLA,#N/A,#N/A,#N/A,#N/A,#N/A,#N/A,5.33,7.32,8.79,43.39,37.52,47.52,59.7,50.5,57.84,96.31,661.75
Facebook Inc. Class A,FB,#N/A,#N/A,#N/A,#N/A,#N/A,#N/A,#N/A,#N/A,25.53,62.62,81.67,116.06,142.28,155.39,168.7,159.6,298.66
Alphabet Inc. Class A,GOOGL,90.02,194.85,229.27,232.86,177.05,284.4,295.9,323.46,400.6,567.45,549.49,769.67,856.75,1012.63,1198.98,1102.1,2129.78
Berkshire Hathaway Inc. Class B,BRK.B,56.3,60.24,72.1,88.8,56.38,81.65,83.68,81.84,103.47,124.88,143.45,143.79,166.87,195,205,175.95,258.2
Johnson & Johnson,JNJ,66.85,59.17,60.26,65.87,53.04,65.77,59.49,66.21,81.93,97.94,99.15,109.19,124.69,124.56,138.98,128.81,162.83
JPMorgan Chase & Co.,JPM,34.25,41.93,48.38,47,28.14,45.18,46.35,46.13,47.83,60.67,59.95,59.87,87.52,107.85,104.64,84.36,153.71
Visa Inc. Class A,V,#N/A,#N/A,#N/A,15.4,13.57,23.14,18.56,29.75,41.84,53.68,65.18,77.59,89.36,118.39,157.26,153.11,216.86
NVIDIA Corporation,NVDA,7.84,19.3,19.17,21,10.11,17.22,18.2,15.33,12.41,18.65,21.01,36.15,108.38,221.05,182.28,243.07,552.47
Procter & Gamble Company,PG,52.61,57.88,63.16,71.14,48.21,63.36,62.08,67.56,77.7,80.34,82.32,83.53,89.68,77.4,103.64,109.33,134.28
UnitedHealth Group Incorporated,UNH,47.92,55.47,52.97,36.25,20.68,32.99,45.61,59.12,58.97,81.84,117.45,129.92,165.59,217.2,245.54,237.32,367.07
Walt Disney Company,DIS,28.58,27.94,34.43,31.91,18.79,35.55,42.85,43.84,56.69,81.57,105.44,99.07,113.2,98.66,112.51,94.92,188.97
Home Depot Inc.,HD,37.6,42.38,36.74,29.49,23.83,32.38,37.56,49.99,69.67,79.38,113.13,134.85,146.62,172.9,195.64,178.63,307.75
PayPal Holdings Inc,PYPL,#N/A,#N/A,#N/A,#N/A,#N/A,#N/A,#N/A,#N/A,#N/A,#N/A,#N/A,39.4,42.63,75,105.55,91.38,247.54
Mastercard Incorporated Class A,MA,#N/A,#N/A,1.06,2.3,1.6,2.54,2.54,4.32,5.37,74.81,86.74,95.87,112.24,171.6,239.05,228.61,363.3
Netflix Inc.,NFLX,1.55,4.02,3.35,5.22,6.12,10.71,34.58,16.28,26.06,52.1,59.02,105.7,146.92,280.29,366.96,364.08,539.42
Intel Corporation,INTC,23.01,19.35,19.13,21.97,15.03,22.39,19.72,28.38,21.43,25.99,30.81,32.45,36.16,48.92,54.51,51.88,64.55
Comcast Corporation Class A,CMCSA,11.13,8.79,12.87,10.07,6.96,9.43,12.61,15.03,20.69,24.97,28.53,30.94,37.56,33.52,40.31,32.42,54.75
Bank of America Corp,BAC,44.01,45.68,51.02,40.86,7.05,18.04,13.37,9.68,12.15,17.34,15.41,13.56,23.59,29.31,28.54,19.77,39.49
Adobe Inc.,ADBE,33.38,35.7,41.65,37.25,21.96,35.74,34.16,34.7,43.38,65.93,75.07,95.16,129.59,212.28,272.17,301.21,483.34
Verizon Communications Inc.,VZ,31.7,31.01,35.45,35.33,29.19,29.24,38.47,38.52,49.22,47.75,48.92,54.01,49.18,47.16,59.09,52.92,58.3
Abbott Laboratories,ABT,22.1,20.53,26.7,26.43,22.34,25.34,23.62,29.3,35.31,38.47,45.89,42.19,44.47,58.21,79.66,76.57,118.94
salesforce.com inc.,CRM,3.75,9.27,10.71,15.31,8.17,18.89,33.53,39.3,43.85,58.8,66.08,75.73,82.31,115.3,161.18,134.06,218.72
Thermo Fisher Scientific Inc.,TMO,25,36.9,46.3,59.19,34.38,51.77,55.98,56.38,75.53,121.88,132,142.67,154.58,203.14,276.19,275.2,456.3
AT&T Inc.,T,23.66,26.95,39.43,39.48,25.92,26.11,30.62,31.45,37.25,35.09,32.89,39.05,41.57,35.1,31.95,28.05,30.47
Pfizer Inc.,PFE,24.77,23.8,23.93,20.25,13.25,16.18,19.31,21.4,27.32,30.27,32.52,28.46,32.44,33.2,40.58,30.08,36.3
Merck & Co. Inc.,MRK,32.31,35.41,45.01,38.32,26.99,37.71,33.07,38.51,44.35,56.37,56.86,53.7,63.47,53.27,83.3,73.8,77.09
Walmart Inc.,WMT,48.99,46.77,46.95,54.08,52.82,55.49,52.13,61.36,75.43,76.77,80.71,69.06,71.83,85.55,97.82,114.14,135.62
Cisco Systems Inc.,CSCO,17.7,21.59,25.4,24.98,17.46,25.83,17.04,21.19,20.83,23.1,27.25,28.69,33.58,41.01,54.98,38.33,51.98
Exxon Mobil Corporation,XOM,60.55,61.03,75.45,87.02,69.23,67.61,84.68,87.07,90.77,97.73,84.46,82.96,82.07,73.22,81.73,37.53,57.39
PepsiCo Inc.,PEP,52.76,57.85,63.56,72.13,52.22,66.68,65.22,66.74,79.1,82.88,95.09,103.78,111.86,107.05,122,118.12,141.28
Broadcom Inc.,AVGO,#N/A,#N/A,#N/A,#N/A,#N/A,20.5,31.52,38.69,35.34,65.05,125.63,157.8,218.8,227.68,305.79,223.63,475.95
Coca-Cola Company,KO,20.69,20.94,24.26,30.72,22.43,27.65,33.61,37.07,40.45,38.41,40.68,46.83,42.41,42.67,46.72,42.12,52.51
Qualcomm Inc,QCOM,35.55,51.18,43.08,42.22,39.68,42.27,54.47,68.32,66,80.1,69.43,50.88,56.5,53.81,57.81,65.9,137.79
AbbVie Inc.,ABBV,#N/A,#N/A,#N/A,#N/A,#N/A,#N/A,#N/A,#N/A,41.12,52.1,57.1,57.42,65.03,91.46,80.78,73.42,108.52
NIKE Inc. Class B,NKE,10.38,10.61,13.28,17.39,11.75,18.5,19.13,27.26,29.13,37.2,49.78,61.59,55.56,64.12,85.23,79.23,132.53
Chevron Corporation,CVX,59.31,58.34,74.83,86.74,68.3,76.69,108.32,108.3,119.61,119,104.79,94.26,107.8,112.24,124.94,68.56,105.75
Eli Lilly and Company,LLY,51.19,55.24,53.71,52.03,33.78,36.15,34.99,40.48,56.61,58.82,71.53,73.42,84.45,75.7,129.05,136.42,185.24
NextEra Energy Inc.,NEE,10.03,10.06,15.64,16.22,12.79,12.21,13.98,15.46,19.37,23.72,26.19,29.68,32.18,40.59,47.62,54.56,75.77
Texas Instruments Incorporated,TXN,24.96,32.29,30.1,29.32,16.25,24.63,34.23,33.26,35.01,47.53,56.54,57.94,80.36,100.65,108.64,96.89,192.06
Accenture Plc Class A,ACN,24.44,29.91,38.54,35.87,27.65,41.84,54.87,65.49,75.85,79.54,93.56,116.35,117.64,147.98,176.32,154.68,278.34
McDonald's Corporation,MCD,31,34.73,45.05,56.91,55.24,67.58,75.99,98.36,99.05,97.9,96.29,127.02,129.61,157.72,188.39,158.17,225.21
Costco Wholesale Corporation,COST,43.79,54.32,53.91,66.49,46.35,60.14,74.25,91.84,105.81,111.86,150.24,158.25,166.7,182.75,244.19,286.78,354.94
Danaher Corporation,DHR,19.93,24.03,27.08,29.94,19.9,30.56,39.84,42.5,46.83,57.04,63.59,72.48,85.48,96.1,131.82,128.7,225.08
Medtronic Plc,MDT,50.51,51.14,49.06,48.46,29.58,45.67,39.5,39.54,46.8,61.61,76.14,75.37,81.03,77.48,90.69,84.11,118.19
Bristol-Myers Squibb Company,BMY,24.94,24.71,27.76,22.18,21.97,26.95,26.46,33.89,41.14,51.87,63.56,64.91,54.21,62,47.09,54.82,62.93
Amgen Inc.,AMGN,57.35,71.88,55.55,42.16,48.33,60.8,53.08,68.11,102.31,126.07,157.1,154.16,163.89,166.05,191.77,197.81,249.17
Honeywell International Inc.,HON,35.22,40.35,43.85,55.01,26.95,42.87,56.41,58.18,70.76,88.78,98.28,107.79,119.03,136.36,161.47,129.71,216.8
Union Pacific Corporation,UNP,17.17,23.67,25.39,31.99,20.8,36.83,49.14,54.8,70.05,94.22,107.34,78.92,105.5,133.1,170.92,136.49,220.21
Linde plc,LIN,47.64,54.98,62.96,87,68.98,83.82,101.98,115.04,111.08,131.06,121.01,115.24,118,142.1,176.58,160.87,280.84
Wells Fargo & Company,WFC,29.72,32.17,34.43,31.49,14.48,31.37,32.06,34.51,36.93,49.77,53.94,48.45,55.49,51.35,48.81,26.57,39.63
Philip Morris International Inc.,PM,#N/A,#N/A,#N/A,50.58,36.22,52.47,64.93,89.38,92.78,82.21,76.07,99.75,112.91,97.54,88.2,71.12,88.06
Citigroup Inc.,C,446.2,474.1,513.4,238.4,26.8,41.8,44.5,36.87,43.79,47.8,51.62,42.47,59.68,67.71,64.36,38.51,73.14
Lowe's Companies Inc.,LOW,28.1,32.09,31.49,24.49,18.48,24.54,26.74,31.38,37.52,49.43,74.39,76.5,82.04,84.59,108.93,80.42,191.32
Oracle Corporation,ORCL,12.53,13.79,18.14,20.41,18.58,25.46,34.02,29.53,32.41,41.49,42.94,41.16,44.61,45.01,54.58,48.71,71.81
Starbucks Corporation,SBUX,12.81,19,15.63,9.25,5.59,12.12,18.63,28.34,28.44,37.01,46.51,61.02,58.44,56.24,73.96,62.62,109.38
United Parcel Service Inc. Class B,UPS,71.9,79.58,70.1,74.73,50.07,64.15,74.48,80.67,84.47,97.34,96.54,104.95,106.4,103.84,114.43,90.39,171.28
ServiceNow Inc.,NOW,#N/A,#N/A,#N/A,#N/A,#N/A,#N/A,#N/A,#N/A,35.23,62.53,75.65,62.03,86.22,161.62,245.73,273.07,507.01
International Business Machines Corporation,IBM,90.44,83.06,94.26,116.49,97.61,128.25,164.27,209.47,212.38,194.5,159.18,152.52,174.5,150.07,143.3,105.14,133.23
Advanced Micro Devices Inc.,AMD,16.19,33.18,13.06,6.07,3.02,9.37,8.36,8.2,2.44,4.07,2.69,2.83,14.64,9.53,26.36,43.66,81.09
American Tower Corporation,AMT,18.15,30.55,38.95,39.96,31.54,42.7,52.33,64.01,77.75,81.61,96.46,104.5,121.15,143.83,192.51,206.97,240.06
Boeing Company,BA,58.78,78.01,88.91,75.88,35.44,72.99,74.01,75.17,85.25,128.21,148.64,126.96,176.65,322.44,391.54,130.7,252.96
Raytheon Technologies Corporation,RTX,31.76,36.61,40.91,44.83,27.61,46.65,53.69,52.06,58.48,74.21,72.95,62.91,70.44,77.71,83.82,57.5,77.28
BlackRock Inc.,BLK,75.63,142.26,156.31,220.46,130.69,211.05,202.43,206.29,252.96,316.89,362.57,342.53,382.09,519,438.39,409.54,766.83
3M Company,MMM,85.12,75.84,76.43,81.32,50.65,83.85,93.13,89.23,105.65,136.53,162.52,167.53,190.72,212.62,211.94,133.14,192.7
Caterpillar Inc.,CAT,45.08,73.5,67.03,79.98,28.99,63.99,113.12,107.25,85.64,99.81,79.64,76.79,92.27,143.89,140.25,111.35,232.74
Intuit Inc.,INTU,21.55,26.76,27.12,28.23,27.33,34.51,53.95,60.62,65.1,78.89,97.68,104.69,116.17,169.88,265.75,218.12,395.23
Morgan Stanley,MS,47.21,52.5,65.32,48.85,23.73,29.2,27.26,19.81,21.66,31.21,35.97,25.53,42.71,52.72,43.53,31.62,78.22
Goldman Sachs Group Inc.,GS,109.3,158.12,206.63,176.86,110.29,170.22,160.23,124.9,146.04,165.92,192.23,159.82,228.96,247.35,196.74,145.29,327.64
General Electric Company,GE,35.47,34.69,35.36,38.43,10.17,18.33,20.34,20.02,23.08,25.87,24.84,31.93,29.88,13.12,10.1,7.04,13.28
CVS Health Corporation,CVS,25.78,29.5,34.14,41.17,28.1,36.23,34.96,45.07,54.53,74.29,102.26,104.82,78.05,61.04,54.19,58.34,74.3
Applied Materials Inc.,AMAT,16.01,17.8,18.36,20.1,10.76,13.35,15.53,12.5,13.36,20.62,22.39,21.42,38.89,52.89,41.13,43.3,141.52
Target Corporation,TGT,49.4,51.18,59.26,53.27,34.38,53.13,50.36,58.29,68.66,60.57,82.09,82.76,54.03,68.98,79.97,95.27,200.72
Deere & Company,DE,33.12,40.01,54.32,81.04,34.26,59.74,98.6,82.19,85.08,91.39,87.6,76.5,108.78,151.82,161.91,133.67,372.12
Micron Technology Inc.,MU,10.26,15.45,12.08,6,4.18,10.17,11.3,8.1,9.38,24.44,27.13,11.03,28.64,50.06,42.25,39.89,92.41
Intuitive Surgical Inc.,ISRG,15.6,38,40.65,115.65,31.44,116.53,114.95,181.94,161.53,164.53,168.84,202.17,254.9,400.89,575.54,458.26,747.6
Charter Communications Inc. Class A,CHTR,#N/A,#N/A,#N/A,#N/A,#N/A,35,51.66,64.37,103.78,125.64,190.63,203.47,328.27,303.87,346.22,424.03,608.58
Gilead Sciences Inc.,GILD,8.83,15.87,19.13,26.44,22.59,22.82,21.33,24.39,47.98,73.64,97.72,94.12,67.1,73.14,65.88,72.51,66.44
Booking Holdings Inc.,BKNG,25.07,24.72,54.54,127.99,80.88,257,513.85,719.97,695.76,1251.37,1149.6,1299.7,1773.99,2030.86,1759.23,1271.63,2382.46
Fidelity National Information Services Inc.,FIS,19.05,22.24,26.38,21.17,16.88,23.69,33.23,33.57,39.7,53.92,67.7,65.01,79.44,94.71,113.78,114.56,144.05
Lockheed Martin Corporation,LMT,61.16,74.35,97.02,101.33,67.59,83.88,80.98,91.16,95,163.71,198.76,223.11,268.68,333,304.29,338.52,371.02
Charles Schwab Corporation,SCHW,10.45,17.41,18.55,19.9,15.47,18.62,18.51,14.55,17.38,27.45,29.93,28.38,40.57,50.41,44.13,32.96,66.44
Mondelez International Inc. Class A,MDLZ,21.46,19.82,20.73,20.76,14.93,19.86,20.69,25.12,30.68,34.82,36.3,41.24,43.05,40.71,49.69,48.68,58.44
Cigna Corporation,CI,29.65,43.92,47.98,44.18,17.89,37.15,44.56,49.43,62.91,83.05,130.37,137.16,149.39,164.65,161.87,173.07,241.83
Prologis Inc.,PLD,37.4,52.88,58.79,57.22,14.65,27.24,36.04,36.25,39.92,40.88,43.39,44.62,52.24,61.4,72.21,73.26,108.5
S&P Global Inc.,SPGI,43.02,57.51,62.88,38.67,22.99,35.6,39.19,48.68,51.55,77.81,104.91,99.3,129.35,186.63,212.9,234.33,362.65
TJX Companies Inc,TJX,6.06,6.1,6.74,8.51,6.41,10.68,12.38,19.93,23.45,30.6,34.48,39.39,39.17,40.28,53.21,44.62,65.98
American Express Company,AXP,44.56,52.43,56.4,47.09,14.44,41.7,45.36,58.01,67.26,91.17,78.93,61.1,78.59,91,111.7,77.84,144.57
Becton Dickinson and Company,BDX,57.56,62.07,76.89,87.25,66.4,78.96,80.57,77.91,95.71,117.26,141.95,153.49,184.28,213.3,251.39,225.4,241.58
Altria Group Inc,MO,15.09,16.51,20.75,22.15,16.3,20.83,25.98,31.16,34.3,37.39,50.3,63.06,71.62,60.51,57.73,37.61,51
T-Mobile US Inc.,TMUS,#N/A,#N/A,#N/A,34.68,35.44,14.42,32.98,18.22,22.1,33.48,31.64,39.36,63.55,59.62,69.97,85.13,127.65
Stryker Corporation,SYK,44.15,44.25,66.32,67.11,33.08,57.65,60.9,55.55,65.33,81.88,91.18,108.52,131.93,156.25,196.1,144.67,242.95
Zoetis Inc. Class A,ZTS,#N/A,#N/A,#N/A,#N/A,#N/A,#N/A,#N/A,#N/A,32.59,29.35,46.27,44.99,53.17,81.21,101.54,111.92,157.89
Anthem Inc.,ANTM,62.33,76.32,81.1,46.41,37.96,64.71,70.75,72.95,67.44,99.09,153.99,141.85,166.49,220.13,288.33,214.3,353.76
Lam Research Corporation,LRCX,28.46,43.29,47.49,40,23.43,37.51,56.31,44.17,40.8,55.62,70.26,82.93,128.42,193.87,184.7,223.33,639.3
Automatic Data Processing Inc.,ADP,40.27,41.44,45.57,43.4,35.1,44.18,51.68,55.94,64.68,77.5,85.26,90.26,101.27,113.3,162.07,129.72,189.4
Crown Castle International Corp,CCI,16.29,28.74,32.13,35.27,21.09,38.37,43.1,53.37,69.79,74.76,83.72,87.11,94.23,108.8,126.67,137.59,174.46
Activision Blizzard Inc.,ATVI,5.78,6.89,9.4,13.7,10.49,11.92,11.01,12.82,14.44,20.69,22.43,34.42,49.53,65.09,47.12,57.5,95.54
Duke Energy Corporation,DUK,49.46,50.42,60.87,54.39,42.78,49.23,55.26,63.3,72.32,70.67,76.83,81.13,82.25,77.1,89.28,77.57,96.28
Equinix Inc.,EQIX,41.1,62.1,85.87,69.31,57.62,98.9,92.36,158.65,214.93,185.44,233.59,329.94,402.47,408.55,456.3,595.46,678
Colgate-Palmolive Company,CL,25.76,28.92,33.4,39.2,29.4,42.91,40.26,49.22,58.86,64.22,69.09,71.2,73.37,70.15,68.3,65.55,78.55
CME Group Inc. Class A,CME,36.7,87.73,108.78,100,47.48,63.94,60.85,58.24,60.93,72.66,94.5,96.95,117.5,157.7,166.55,166.2,206.09
Chubb Limited,CB,39.93,52.12,57.06,57.73,40.82,52.82,65.84,74.2,88.7,99.08,110.99,120.85,136.27,133.3,141.46,104.17,158.99
CSX Corporation,CSX,6.97,10.25,13.35,19.43,8.85,17.4,26.46,22.12,24.2,29.12,33.45,25.62,46.6,54.74,76.7,54.85,97.26
Truist Financial Corporation,TFC,38.73,39.49,40.27,34.18,17.34,32.47,27.62,31.34,30.89,40.44,38.56,33.51,44.72,50.93,48.02,28.47,59.05
General Motors Company,GM,#N/A,#N/A,#N/A,#N/A,#N/A,#N/A,32.41,26.76,27.8,34.34,36.74,30.47,34.17,35.76,37.76,19.26,57.8
Illumina Inc.,ILMN,4.04,11.69,14.62,38.97,35.68,39.3,70.76,51.37,54.24,155.86,182.21,166.86,170.75,229.93,316.84,256.46,385.04
Intercontinental Exchange Inc.,ICE,#N/A,12.62,24.44,27.82,14.73,22.54,23.95,27.72,32.02,38.63,46.18,47.14,59.32,71.1,77,79.31,114.2
Autodesk Inc.,ADSK,30.11,37.25,38.25,32.83,17.11,29.16,43.83,42.34,39.93,50.07,58.74,57.77,85.39,122.75,163.82,139.22,283.9
Southern Company,SO,31.95,32.55,36.65,36.4,30.81,33.42,38.31,45.06,46.74,43.5,44.62,51.7,49.96,44.21,51.41,50.14,62.33
PNC Financial Services Group Inc.,PNC,51.31,67.29,71.97,69.51,30.5,60.24,63.72,64.72,65.79,87.26,92.5,85.29,119.84,148.32,126.91,87.35,177.41
Fiserv Inc.,FISV,9.88,10.57,13.49,12.72,9.18,12.78,15.72,17.6,21.75,28.65,39.79,51.69,57.82,70.54,89.31,88.01,122.17
Norfolk Southern Corporation,NSC,36.78,55.16,50.6,55.11,34.54,56.99,69.32,67.02,76.12,98.08,102.96,82.97,113.5,132.83,193.54,140.01,271.18
Vertex Pharmaceuticals Incorporated,VRTX,9.1,35.85,27.94,25.41,28.48,40.85,47.59,40.48,54,71.87,116.43,79.15,107.45,156.31,186.05,225.48,213.04
Air Products and Chemicals Inc.,APD,58.46,61.47,68.38,88.47,53.23,68.29,83.65,85.68,79.05,110.94,138.76,134.34,134.95,156.55,191.49,189.28,284.9
Dominion Energy Inc,D,37.64,35.2,44.39,42.49,30.77,41.83,44.7,51.5,58.19,70.4,71.51,75.39,77.74,67.09,76.69,69.93,75.72
U.S. Bancorp,USB,28.5,30.52,34.97,34.01,14.91,26.24,26.68,31.71,33.99,42.99,43.49,40.7,51.55,49.68,49.07,31.93,55.83
FedEx Corporation,FDX,92.35,114.68,106.07,97.71,44.96,92.17,95,92.19,97.78,134.11,166.24,163.67,195.36,238.5,186.45,113.48,283.54
Sherwin-Williams Company,SHW,14.55,16.58,22.01,18.12,17.4,22.75,28.46,36.6,55.86,66.36,95.27,95.88,102.87,127.29,144.44,141.66,249.75
Illinois Tool Works Inc.,ITW,44.63,48.23,51.6,50.46,31.11,47.68,54.15,57.17,60.88,82.2,96.52,103.44,131.58,152.86,148.34,137.27,221.38
Analog Devices Inc.,ADI,35.71,38.36,34.49,30.62,19,28.82,39.16,39.9,45.41,54.08,62.57,58.98,81.24,88.75,108.28,84.09,160.38
Marsh & McLennan Companies Inc.,MMC,29.89,29.44,29.29,25.79,20.29,24.43,30,32.85,37.75,49.5,56.17,61.37,73.32,80.97,94.81,82.02,123.15
ConocoPhillips,COP,42.03,49.1,52.1,59.25,30.34,39.66,60.74,58.6,60.48,70.31,63.02,39.78,49.45,58.09,67.69,29.62,54.02
Estee Lauder Companies Inc. Class A,EL,22.46,18.68,24.43,23.7,12.57,32.79,47.97,62.39,63.66,68.26,83.16,95.65,83.5,147.67,164.77,153.38,292.33
Global Payments Inc.,GPN,16.19,25.69,17.94,21.65,16.68,22.82,25.27,22.87,24.57,36.1,45.92,65.15,79.33,109.19,138.66,133.11,207.97
DuPont de Nemours Inc.,DD,69.98,57.88,65.31,53.72,12.55,43.16,53.99,49.8,44.67,70.79,68.21,72.83,89.8,88.35,77.5,32.52,78.13
Regeneron Pharmaceuticals Inc.,REGN,4.99,15.96,21.91,20.07,13.16,26.58,45.26,120.2,178.51,306.88,441.18,405.25,383.19,330.56,410.05,496.65,474.93
Ecolab Inc.,ECL,32.9,38.51,43,44.99,34.81,44.43,51.57,62.32,79.5,108.66,113.54,112.42,125.88,133.97,178.67,146.7,216.85
Boston Scientific Corporation,BSX,28.67,22.63,14.54,13.6,8.23,7.23,7.3,5.97,7.8,13.62,17.65,18.94,24.92,26.84,38.66,30.19,38.58
Edwards Lifesciences Corporation,EW,3.6,3.62,4.22,3.83,5.01,8.37,14.35,12.27,13.72,12.37,23.45,29.97,31.48,45.15,63.33,57.54,83.84
Progressive Corporation,PGR,20.53,23.43,19.84,15.39,12.55,17.47,19.28,21.18,23.01,24.09,26.96,35.48,39.28,59.81,72.76,72.36,95.55
Humana Inc.,HUM,32.57,52.06,58.02,47,25.91,46.92,69.99,91.85,75.02,113.27,177.64,184.74,209.77,280.7,268.33,298.75,412.82
Eaton Corp. Plc,ETN,32.52,36.89,41.78,40.92,18.75,38.03,55.91,50.09,61.18,75.77,67.58,63.66,74.16,77.69,82.24,73.14,139.49
Emerson Electric Co.,EMR,31.98,41.8,43.09,53.47,29.53,50.83,59,52.54,55.01,67.32,55.89,54.75,59.82,66.28,70.13,45.7,90.41
Newmont Corporation,NEM,42.45,51.13,41.99,44.8,47.4,52.91,54.37,52.11,41.39,23.45,22.72,26.62,33.89,39.27,35.61,46.47,61.81
Aon Plc Class A,AON,22.53,40.96,37.96,41.52,40.51,42.99,53.76,49.22,61.1,84.8,96.23,104.87,118.33,138.19,173.44,153.68,231.8
Dollar General Corporation,DG,#N/A,#N/A,#N/A,#N/A,#N/A,25.52,31.55,46.76,50.62,56.42,75.2,87.31,68.82,93.43,118.33,153.16,202.4
Capital One Financial Corporation,COF,74.68,81.1,73.57,53.48,12.97,41.57,52.09,56.36,53.68,76.78,79.87,70.8,85.8,93.75,84.48,44.68,129.78
Northrop Grumman Corporation,NOC,49.17,61.7,67.94,70.99,40.48,60.1,62.97,61.82,69.9,123.95,160.55,200.31,237.81,345.52,274.11,306.99,322.24
Kimberly-Clark Corporation,KMB,62.74,55.87,65.65,62.78,45.35,59.9,62.66,71.47,93.86,105.05,106.85,136.2,131.51,107.09,122.77,125.66,136.98
KLA Corporation,KLAC,45.25,48.29,53.51,38.91,20.34,31.11,46.8,54.67,51.57,70.02,57.75,73.05,95.97,105.33,122.16,131.61,347.29
HCA Healthcare Inc,HCA,#N/A,#N/A,#N/A,#N/A,#N/A,#N/A,33.74,25.98,40.72,51.9,74.85,79.2,89.33,95.32,131.98,83.73,186.15
Moody's Corporation,MCO,40.22,72.31,62.06,37.02,21.54,29.37,34.57,42.34,52.77,80.8,104.43,97.56,111.9,158.66,184.48,197.55,306.31
Waste Management Inc.,WM,28.92,35.58,34.41,34.31,25.59,34.58,37.65,35.19,38.64,41.93,53.65,59.17,72.59,83.58,104.02,88.43,129.28
Biogen Inc.,BIIB,32,42.68,40.81,58.96,47.79,52.98,67.2,117.56,177.56,285.35,381.16,239.98,272.69,266.89,232.49,293.27,278.71
Ford Motor Company,F,11.18,7.77,7.89,5.97,2.74,12.63,15.16,12.62,12.9,16.32,15.91,13.1,11.44,10.86,8.98,4.4,12.17
Electronic Arts Inc.,EA,51.92,55.01,51.32,51.93,18.39,18.84,19.73,16.71,17.92,29.47,57.28,65.92,89.11,118.72,102.67,97.53,137.96
Chipotle Mexican Grill Inc.,CMG,#N/A,56.98,62.1,119.73,67.5,114.48,274,418.4,321.06,578.97,652.53,464.81,452.75,311.16,705.74,619.36,1438.46
Cognizant Technology Solutions Corporation Class A,CTSH,11.49,14.9,21.46,15.09,10.63,25.41,41.21,38.51,38.37,51.67,61.98,63.12,58.25,79.21,73.85,42.51,78.88
IDEXX Laboratories Inc.,IDXX,13.59,21.31,21.96,24.63,17.36,29.04,39.68,43.56,45.42,60.83,75.88,79.37,155.28,186.62,225.12,230.66,486.36
Twitter Inc.,TWTR,#N/A,#N/A,#N/A,#N/A,#N/A,#N/A,#N/A,#N/A,#N/A,46.98,50.47,15.98,14.84,28.04,33.44,23.32,63.83
Digital Realty Trust Inc.,DLR,14.31,28.25,39.9,37.09,33.24,54.41,58.15,74.36,66.5,52.94,65.18,89.46,106.19,102.93,120.03,134.48,143.25
TE Connectivity Ltd.,TEL,#N/A,#N/A,#N/A,34.48,11.2,27.6,35.02,36.97,41.6,60.26,71.08,62.05,73.67,96.91,83.66,59.12,130.79
Exelon Corporation,EXC,45.9,52.74,68.71,82.99,45.28,44.28,41.16,39.21,34.36,33.49,32.85,35.66,35.82,38.26,49.84,33.48,43.91
Roper Technologies Inc.,ROP,32.23,49.25,54.88,61.96,43.11,58.6,88.33,99.26,125.92,134.59,169.77,184.66,206.05,274.58,347.93,293.66,410.35
Freeport-McMoRan Inc.,FCX,20.01,30.74,33.1,48.82,19.86,43.14,55.08,39.11,32.38,32.92,18.97,9.89,13.24,17.14,13.1,6.31,33.76
American Electric Power Company Inc.,AEP,34.13,34.2,48.75,42.67,25.41,34.49,35.52,38.88,48.5,50.4,56.37,67.01,67.15,68.28,82.82,74.57,85.54
Synopsys Inc.,SNPS,18.1,22.09,26.25,23.21,21.05,22.55,27.78,30.93,35.45,38.6,46.32,49.28,72.2,80.77,117.57,125.96,254.23
Ross Stores Inc.,ROST,7.03,7.2,8.58,7.77,9.07,13.36,17.89,29.27,29.92,36.45,52.01,58.64,65.18,75.77,94.26,81.09,120.51
Dow Inc.,DOW,#N/A,#N/A,#N/A,#N/A,#N/A,#N/A,#N/A,#N/A,#N/A,#N/A,#N/A,#N/A,#N/A,#N/A,53.5,27.04,64.6
Baxter International Inc.,BAX,18.33,20.95,28.61,32.59,27.53,31.63,29.29,32.73,39.28,40.02,36.69,41.69,52.29,63.43,81.77,78.66,84.32
Align Technology Inc.,ALGN,5.89,9.03,15.74,12.4,7.85,19.58,20.7,28.7,32.44,53.59,52.45,73.02,116.36,242.69,285.15,157.2,545.05
eBay Inc.,EBAY,15.6,16.41,13.89,13.22,5.53,11.18,13.2,15.4,23.45,23.59,24.04,23.88,33.76,39.36,37.68,28.78,63.11
Amphenol Corporation Class A,APH,4.65,6.48,8.07,9.72,7.36,10.6,13.1,15.33,18.38,23.06,29.14,29.24,35.15,42.03,48.91,34.76,67.05
Cadence Design Systems Inc.,CDNS,15,18.51,21.23,10.93,4.25,6.77,10,11.89,13.62,15.49,18.39,23.64,31.15,35.85,64.8,65.24,141.49
Aptiv PLC,APTV,#N/A,#N/A,#N/A,#N/A,#N/A,#N/A,#N/A,26.43,36.85,58.21,66.04,61.72,65.54,81.58,82.58,45.92,140.74
MetLife Inc.,MET,34.63,43.17,56.28,56.04,20.88,39.22,40.33,33.86,33.54,47.62,44.8,39.71,46.7,45.02,44.13,27.9,61.6
Microchip Technology Incorporated,MCHP,25.29,37.06,35.47,34.11,21.59,28.39,37.92,37.32,36.27,47.85,48.31,48.28,73.21,87.63,87.46,62.79,160.17
Agilent Technologies Inc.,A,14.87,25.67,24.09,22.09,11.44,24.71,32.28,32.09,29.27,40.3,41.39,40.31,53.2,64.43,81.56,68.92,127.69
Johnson Controls International plc,JCI,33.55,26.8,31.65,23.35,10.18,20.07,23.43,28.89,29.75,40.24,40.37,34.49,41.17,33.93,36.92,25.16,59.9
DexCom Inc.,DXCM,#N/A,20.56,7.72,3.99,4.4,9.93,16.27,10.63,17.12,41.29,61.49,67.63,83.97,74.53,115.17,254.81,365.5
Constellation Brands Inc. Class A,STZ,26.59,25.25,21.18,19.12,11.8,16.5,20.5,23.95,47.3,85.35,116.22,152.68,161.66,228.16,177.59,136.88,229.62
L3Harris Technologies Inc,LHX,30.82,44.81,48.23,47.54,27.74,47.84,50.05,45.7,46.04,73.82,78.59,77.8,110.27,159.63,163.3,177.17,203.62
Sysco Corporation,SYY,35.48,32.02,33.83,29.94,22.65,29.6,27.88,30.04,35.24,36.11,37.53,47.08,51.69,58.36,66.78,41.87,77.99
Sempra Energy,SRE,40.04,46.5,61.01,54.31,46.72,50.7,53.81,61.14,79.93,96.46,109.86,105.92,109.86,110.13,126.63,103.71,131.8
Public Storage,PSA,56.28,78.91,94.67,94.52,54.75,92.4,111,138.82,152.39,169.49,195.95,275.52,219.31,199.41,218.31,196.62,251.94
T. Rowe Price Group,TROW,29.4,39.53,47.24,54.38,29.04,55.87,67.89,65.69,74.26,83.19,81.6,73.95,68.2,104.67,103.3,93.87,173.96
General Mills Inc.,GIS,24.33,25.45,29.11,30.48,25.4,35.69,36.39,39.62,48.68,51.78,56.48,64.96,58.55,44.09,50.99,53.12,60.92
Walgreens Boots Alliance Inc,WBA,43.71,42.9,45.89,38.93,26.5,37.75,40.94,34.16,46.97,65.83,84.26,86.7,82.95,63.1,63.49,43.03,54.75
Travelers Companies Inc.,TRV,35.36,42.13,51.77,50.55,42.14,53.92,59.71,59.33,83.95,84.39,107.11,117.4,120.38,134.84,138.02,95.2,150.62
IQVIA Holdings Inc,IQV,#N/A,#N/A,#N/A,#N/A,#N/A,#N/A,#N/A,#N/A,#N/A,51.11,67.87,67.52,80.02,95.7,144.31,100.04,198.06
Parker-Hannifin Corporation,PH,40.37,54.24,57.54,73.13,34.84,65.27,95.91,86.03,89.65,121.99,118.41,111.82,159.61,166.58,177.87,116.09,316.21
Centene Corporation,CNC,7.59,7.2,5.25,3.63,4.42,6.15,8.38,12.36,11.15,15.63,35.24,30.9,35.84,53.13,54.16,56.12,63.25
MSCI Inc. Class A,MSCI,#N/A,#N/A,#N/A,30.89,17,36.47,38.18,37.3,33.35,43.81,61.04,74.61,96.76,145.94,201.88,271.28,428.55
Cummins Inc.,CMI,17.7,26.2,36.18,49.44,26.35,62.34,111.3,121.71,112.71,148.95,137.02,110.12,149.72,158.73,162.33,130.39,257.72
General Dynamics Corporation,GD,53.93,64.07,76.4,85.9,42.19,77.91,77.42,74.09,68.16,109.68,133.98,132.34,187.74,218.88,172.31,127.4,180.83
Trane Technologies plc,TT,#N/A,#N/A,#N/A,#N/A,#N/A,#N/A,#N/A,#N/A,#N/A,#N/A,#N/A,#N/A,#N/A,64.51,85.48,80.89,165.44
Alexion Pharmaceuticals Inc.,ALXN,5.24,8.65,10.72,15.26,18.47,27.28,50,93.05,95.6,155.35,169.5,142.94,119.29,108.64,135.32,89.93,153.21
HP Inc.,HPQ,9.86,15.22,18.22,21.61,14.93,24.17,18.61,10.84,10.58,15.09,14.21,12.26,17.59,21.14,20.05,14.84,32.05
Xcel Energy Inc.,XEL,17.23,18.3,24.69,20.42,18.38,21.4,24.08,26.58,29.58,30.27,34.87,41.94,44.4,44.95,55.57,58.08,66.79
Xilinx Inc.,XLNX,28.78,25.16,25.65,24.59,19.39,25.68,32.15,36.72,37.65,54.98,41.85,47.62,57.18,69.04,129.73,76.69,129.85
Allstate Corporation,ALL,53.4,52.37,60.06,49.78,20.06,32.49,31.45,33.36,49.28,56.49,71.29,68.23,81.32,93.7,95.09,86.4,116.03
Bank of New York Mellon Corporation,BK,30.62,38,42.83,44.13,28.39,31.26,30.27,24.49,27.87,35.41,40.21,36.93,47.13,50.15,51.46,32.7,47.47
IHS Markit Ltd.,INFO,#N/A,#N/A,#N/A,#N/A,#N/A,#N/A,#N/A,#N/A,#N/A,#N/A,27.18,35.25,41.78,47.52,54.66,58.3,99.5
PPG Industries Inc.,PPG,35.21,31.91,35.16,31.27,19.74,33.25,47.55,48.84,67.08,98.32,112.23,113.11,105.08,108.26,114.22,79.89,151.96
Monster Beverage Corporation,MNST,1.22,5.3,6.57,6.61,6.04,7.25,10.17,21.1,15.89,23.68,45.55,44.93,45.76,55.62,53.28,53.1,91.36
American International Group Inc.,AIG,853.71,1100.35,1125.15,787.52,17.93,28.58,35,31.17,38.23,49.97,54.81,54.89,61.79,53.12,43.99,21.61,46.38
Zimmer Biomet Holdings Inc.,ZBH,74.67,67.59,85.41,79.38,36.88,59.99,61.28,65.25,75.13,95.31,116.19,107.37,121.35,106.4,127.76,89.63,160
O'Reilly Automotive Inc.,ORLY,24.53,36.21,33.13,29.41,35.4,41.93,57.88,92.86,102.7,149.35,215.3,277.82,258.69,236.08,391.54,287.25,507.82
ANSYS Inc.,ANSS,17.65,26.66,25.28,37.32,25.35,43.02,53.69,65.75,79.5,77.74,88.13,90.1,106.79,153.87,187.45,211.25,351.85
PACCAR Inc,PCAR,31.84,31.33,49.49,47.94,26.14,43.83,53.44,47.14,49.91,67.81,61.9,54.21,66.84,64.41,69.05,60.12,92.03
Carrier Global Corp.,CARR,#N/A,#N/A,#N/A,#N/A,#N/A,#N/A,#N/A,#N/A,#N/A,#N/A,#N/A,#N/A,#N/A,#N/A,#N/A,15.05,42.02
Marriott International Inc. Class A,MAR,30.75,32.63,45.65,34.09,15.78,30.1,33.38,38.04,41.63,56.93,80.33,67.13,92.75,132.07,127.45,69.15,148.27
Prudential Financial Inc.,PRU,57.11,75.61,90.21,80.87,20.5,61.29,62.52,64.5,58.28,85.82,79.45,73.25,106.44,100.95,95.87,47,92.71
Yum! Brands Inc.,YUM,18.41,17.22,20.77,27.8,20.35,28.19,36.96,50.33,51.18,54.69,56.69,59.16,63.55,83.74,100.58,67.65,109.8
TransDigm Group Incorporated,TDG,#N/A,24.9,36.38,38.3,33.33,52.78,84.18,117,151.09,186.67,218.72,221.42,218.76,301.07,464.39,272.54,603.71
SBA Communications Corp. Class A,SBAC,8.87,23.51,29.49,30.05,24.38,36.62,39.98,50.91,72.1,91.14,119.48,102.04,119.55,169.12,197.91,260.47,281.18
Skyworks Solutions Inc.,SWKS,6.25,7.2,5.71,7.73,8.45,15.49,31.45,27.71,21.2,37.61,96.84,78.18,97.72,96.53,83.86,82.45,187.7
Schlumberger NV,SLB,35.81,63.65,69.1,89.24,41.1,64.57,93.7,69.84,74.02,97.96,84.28,72.12,77.7,63.48,44.76,12.59,28.1
Simon Property Group Inc.,SPG,54.62,75.35,100.84,90.38,30.86,79.46,100.76,138.23,149.88,155.15,197.99,209.1,174.06,153.08,182.93,47.04,115.2
Corteva Inc,CTVA,#N/A,#N/A,#N/A,#N/A,#N/A,#N/A,#N/A,#N/A,#N/A,#N/A,#N/A,#N/A,#N/A,#N/A,#N/A,22.51,46.74
Verisk Analytics Inc,VRSK,#N/A,#N/A,#N/A,#N/A,#N/A,27.99,33.3,46.82,61.14,59.74,71.53,80.19,79.84,101.59,134.24,140.78,179.81
Eversource Energy,ES,19.28,19.8,32.77,25.12,21.4,27.97,34.88,37.05,43.29,45.11,50.73,58.8,58.89,58.67,70.68,75.99,86.47
EOG Resources Inc.,EOG,25.13,35.95,35.67,60.44,28.57,47.79,59.2,56.68,64.26,98.98,91.22,72.04,96.96,102.93,96.94,34.6,75.34
Aflac Incorporated,AFL,18.55,22.28,23.53,33.41,9.38,27.37,26.75,23.21,26.08,31.66,31.79,32.06,36.33,42.97,49.88,31.9,51.42
Motorola Solutions Inc.,MSI,59.56,93.28,70.68,37.88,17.32,28.24,44.4,50.82,63.7,64.91,66.67,76.11,84.83,104.52,141.32,126.09,188.36
ViacomCBS Inc. Class B,VIAC,69.74,24.7,30.59,22.86,3.88,14.17,24.79,33.74,45.74,63.19,59.62,55.17,68.86,50.71,48.21,12.78,44.64
Phillips 66,PSX,#N/A,#N/A,#N/A,#N/A,#N/A,#N/A,#N/A,#N/A,69.36,79.58,79.94,85.67,78.29,94.95,95.07,49.51,83.16
ResMed Inc.,RMD,14.08,21.58,25.12,21.79,17.1,31.87,29.83,31.07,46.35,45.24,71.39,58.99,71.38,95.8,104.67,142.29,194.44
American Water Works Company Inc.,AWK,#N/A,#N/A,#N/A,#N/A,18.27,21.81,28.31,34.35,41.27,45.16,54.46,69.5,77.14,81.2,103.85,112.8,150.59
Ball Corporation,BLL,10.42,10.83,11.73,11.86,10.96,13.57,17.89,21.55,23.65,27.53,35.15,35.81,36.67,38.89,58.4,64.17,86.27
Public Service Enterprise Group Inc,PEG,27.22,31.98,41.52,41.43,29.65,30.12,31.5,30.62,34.18,37.6,41.26,47.32,44.26,49.87,58.54,42.79,59.67
McKesson Corporation,MCK,37.86,52.57,58.54,53.87,34.71,66.36,79.77,88.67,107.93,176.04,222.71,157.41,146.17,139.81,118.84,133.06,193.57
Rockwell Automation Inc.,ROK,56.56,73.1,59.87,59.7,22.15,56.64,97,80.12,84.66,124.84,113.23,113.56,155.31,168.97,180.91,143.68,263.44
Cintas Corporation,CTAS,41.17,42.27,36.03,29.63,24.56,28.02,30.47,39.27,43.94,60.21,81.71,90.07,124.75,167.46,204.98,162.69,348.31
Paychex Inc.,PAYX,32.23,41.77,37.5,35.65,25.68,30.72,31.83,31.76,35.33,42.5,49.5,54.17,58.44,60.32,80.93,60.61,98.76
Hilton Worldwide Holdings Inc,HLT,#N/A,#N/A,#N/A,#N/A,#N/A,#N/A,#N/A,#N/A,#N/A,46.27,60.07,45.16,57.62,77.07,84.15,63.04,121.65
Marathon Petroleum Corporation,MPC,#N/A,#N/A,#N/A,#N/A,#N/A,#N/A,#N/A,21.72,44.92,44.77,50.88,36.39,49.94,71.8,61.05,20.87,55.8
Mettler-Toledo International Inc.,MTD,47.64,60.58,89.94,98.99,51.64,110.26,172.17,184.17,211.61,238.28,325.09,349.9,477.87,562.68,730.34,656.24,1175.19
Archer-Daniels-Midland Company,ADM,24.97,35.21,36.7,41.92,28.35,29.11,36.48,32.33,33.69,43.43,47.43,36.47,45.8,42.27,42.68,33.87,57.65
WEC Energy Group Inc,WEC,17.72,20.1,24.54,22.43,20.68,24.96,30.77,35.39,42.56,46.59,49.93,59.97,60.6,62.29,78.11,83.52,93.32
Stanley Black & Decker Inc.,SWK,44.81,50.7,55.36,49.88,29.91,58,76.68,78.1,79.83,81.78,95.54,106.64,132.4,150.27,139.51,92.13,200.66
Corning Inc,GLW,11.14,27.53,22.74,24.95,14.15,20.38,20.61,13.9,13.33,20.97,22.25,20.83,26.84,27.03,33.92,19.11,43.99
Kinder Morgan Inc Class P,KMI,#N/A,#N/A,#N/A,#N/A,#N/A,#N/A,29.5,39.1,39.11,32.88,41.92,17.31,21.59,14.9,20.04,12.73,16.84
AutoZone Inc.,AZO,85.03,99.56,128.14,119.55,166.82,174.88,274.67,378.72,393.19,536.54,692.93,805.4,700.69,613.15,1029.71,776.86,1418.84
Willis Towers Watson Public Limited Company,WLTW,98.04,91.92,104.85,92,58.44,82.99,107.66,92.82,104.21,117.09,128.13,119.93,129.93,148.99,176.11,156.19,233.59
Fastenal Company,FAST,6.93,11.86,8.7,11.79,8.23,12.15,16.46,27.33,24.89,24.93,20.62,24.47,25.67,26.61,32.9,30.61,51.11
Clorox Company,CLX,62.86,60.84,63.69,57.5,51.87,64.28,70.86,69.32,88.13,87.91,109.93,127.38,134.54,128.69,158.54,174.66,192.83
Keysight Technologies Inc,KEYS,#N/A,#N/A,#N/A,#N/A,#N/A,#N/A,#N/A,#N/A,#N/A,#N/A,36.61,27.81,36.2,51.14,89.14,80.89,143.79
Southwest Airlines Co.,LUV,14,17.95,14.7,12.75,6.43,13.21,12.67,8.26,13.23,23.94,43.45,44.56,54,54.34,52.41,32.04,61.3
AMETEK Inc.,AME,11.84,13.31,15.35,20.13,14.13,18.61,29.75,32.67,42.56,52.51,52.28,50.11,53.67,74.66,84,69.81,128.66
Otis Worldwide Corporation,OTIS,#N/A,#N/A,#N/A,#N/A,#N/A,#N/A,#N/A,#N/A,#N/A,#N/A,#N/A,#N/A,#N/A,#N/A,#N/A,46.7,69.26
Kroger Co.,KR,7.84,10.13,14.13,12.91,10.67,10.94,11.88,12.2,16.27,21.81,38.39,38.32,29.4,23.28,24.48,30.5,35.95
Welltower Inc.,WELL,32.14,36.83,43.9,46.68,30.31,45.09,52.3,54.91,68.44,59.48,77.2,69.16,71.15,53.97,77.06,40.6,73.25
Williams Companies Inc.,WMB,15.56,17.47,23.24,27.48,9.42,19.09,25.54,31.06,37.94,41.03,50.05,15.52,29.84,24.53,29.27,13.33,23.9
D.R. Horton Inc.,DHI,30.14,33.68,22,17.07,10.13,12.51,11.74,15.02,23.85,22.13,28.25,30.4,33.37,42.31,41.71,32.68,91.05
First Republic Bank,FRC,#N/A,#N/A,#N/A,#N/A,#N/A,#N/A,30.72,33.09,37.87,54.79,56.75,66.56,93.44,90.73,102.51,81.66,167.94
Etsy Inc.,ETSY,#N/A,#N/A,#N/A,#N/A,#N/A,#N/A,#N/A,#N/A,#N/A,#N/A,#N/A,8.67,10.63,27.97,68.16,35.45,208.2
Discover Financial Services,DFS,#N/A,#N/A,#N/A,17.73,6.47,15.34,24.15,33.7,44.03,59.08,57.63,51.39,67.95,69.58,73.5,31.53,97.2
V.F. Corporation,VFC,14.55,14.2,20.66,19.79,14.65,20.26,24.73,37.29,41.4,62.18,75.03,65.24,54.64,73.12,87.33,48.68,79.49
Best Buy Co. Inc.,BBY,33.73,55.44,48.72,43.47,38.97,42.57,28.64,23.64,21.68,26.38,37.21,32.12,48.53,68.92,72.09,53.9,115.76
State Street Corporation,STT,43.35,60.58,64.75,84.85,30.53,45.97,45.47,45.88,58.23,69.57,73.45,58.95,78.82,97.22,67.59,50.4,84.95
Cerner Corporation,CERN,6.49,11.9,13.78,9.33,10.56,21.43,28.23,38.44,47.12,56.49,73,54.08,59,57.1,57.52,60.71,72.92
Pioneer Natural Resources Company,PXD,44.12,44.41,43.11,49.98,16.69,59.15,103.81,112.1,122.91,185.71,166.88,139.76,185.48,166.91,150.99,67.77,164.6
Maxim Integrated Products Inc.,MXIM,40.14,36.96,28.99,20.25,13.52,19.44,25.73,28.38,31.98,33.12,34.96,36.61,44.5,57.41,54.76,46.02,95.45
Consolidated Edison Inc.,ED,41.84,43.36,51.06,40.69,39.39,44.9,51.05,58.55,60.71,53.11,61.15,76.99,77.83,77.07,84.32,77.61,74.29
Delta Air Lines Inc.,DAL,#N/A,#N/A,#N/A,9.14,5.91,14.69,9.82,10.01,16.25,35.75,43.26,47.01,46.32,51.95,52.18,23.87,48.83
Weyerhaeuser Company,WY,27.02,28.8,29.51,26.39,11.14,18,25.14,22.16,31.33,29.79,32.86,31.15,33.71,34.61,26.52,16.12,36.84
Dollar Tree Inc.,DLTR,9.44,9.24,12.66,9.71,14.52,19.93,28.36,47.48,47.6,52.47,81.3,83.31,77.72,94.4,103.72,72.94,115.93
Ameriprise Financial Inc.,AMP,#N/A,44.66,57.14,54.74,21,46.17,62.48,57.76,72.87,111.86,130.46,94.67,129.57,142.67,132.68,94.31,235.41
SVB Financial Group,SIVB,43.49,53.3,48.15,42.95,20.45,47,57.4,64.43,70.48,129.22,124.84,103.05,183.79,233.42,230.74,140.01,483.33
Enphase Energy Inc.,ENPH,#N/A,#N/A,#N/A,#N/A,#N/A,#N/A,#N/A,7.81,5.86,7.9,13.07,2.39,1.37,4.51,9.26,29.77,162.69
Lennar Corporation Class A,LEN,56.33,58.41,41.5,21.02,6.99,16.84,18,26.13,39.93,39.72,50.98,46.66,50.06,56.83,48.91,34.73,103.43
DTE Energy Company,DTE,45.46,40.82,47.9,39.77,27.79,45.38,49.36,55.2,68.39,74.54,81.38,91.05,101.66,103.67,123.8,88.08,133.03
Take-Two Interactive Software Inc.,TTWO,25.99,17.4,20.56,26,8.47,10.04,15.05,15.44,15.89,21.92,24.82,37.99,58.74,95.92,95.69,116.33,180.15
AvalonBay Communities Inc.,AVB,66.68,106.61,130,102.24,46.2,85.74,120.86,141.43,128.09,131.27,172.91,189.87,183.53,162.66,200.68,138.02,186.9
Copart Inc.,CPRT,5.8,6.82,6.98,9.89,7.32,8.9,10.84,13.04,16.93,18.27,18.77,20.6,30.4,49.8,62.18,64.79,112.61
Valero Energy Corporation,VLO,35.51,53.86,59.3,47.41,16.83,18.28,27.42,24.05,41.07,55.51,63.45,62.91,66.23,91.56,86.43,41,75.3
Laboratory Corporation of America Holdings,LH,48.06,58.06,72.63,74.59,58.61,77.17,92.86,93.06,90.63,102.27,125.88,118.43,144.55,160.33,154.79,116.17,252.7
Fortive Corp.,FTV,#N/A,#N/A,#N/A,#N/A,#N/A,#N/A,#N/A,#N/A,#N/A,#N/A,#N/A,#N/A,50.28,63.08,71.13,45.96,70.9
LyondellBasell Industries NV,LYB,#N/A,#N/A,#N/A,#N/A,#N/A,#N/A,40.27,44.57,61.75,88.77,88.63,86.83,90.26,103.71,87.17,45.03,105.55
McCormick & Company Incorporated,MKC,17.12,16.93,19.26,18.92,14.84,19.29,23.96,27.53,36.35,35.81,38.14,50.27,49.08,51.92,75.18,69.31,89.24
Arthur J. Gallagher & Co.,AJG,28.74,27.92,28.33,24.63,16.86,24.5,30.81,35.82,41.23,47.89,46.73,44.63,56.02,67.1,79.03,77,126.61
West Pharmaceutical Services Inc.,WST,11.8,17.15,23.22,22.58,16.36,21.1,22.58,21.47,31.67,44.83,56.89,70.57,81.99,85.1,111.78,149.8,284.77
Edison International,EIX,35.05,41.12,49.13,51.11,28.9,34.3,37.05,42.79,50.48,56.62,62.93,71.94,79.95,63.1,62.7,51.27,58.29
Equifax Inc.,EFX,30.49,37.45,37.12,35.94,25.01,35.73,39.64,44.81,56.74,69.73,92.99,116.59,136.1,114.95,119.52,113.47,182.61
MarketAxess Holdings Inc.,MKTX,12.93,12.03,16.8,10.15,7.74,15.57,24.82,37.65,37.28,59.65,82.87,128.58,187.15,212.27,246.72,333.99,520.28
Kraft Heinz Company,KHC,#N/A,#N/A,#N/A,#N/A,#N/A,#N/A,#N/A,#N/A,51.89,56.11,90.7,79.08,91.06,60.06,32.5,23.68,40.03
PPL Corporation,PPL,24.86,27.45,37.95,43.81,26.72,26.24,23.85,26.17,29,30.41,31.24,38.19,37.11,28.06,31.64,22.9,28.77
Hershey Company,HSY,60.1,52,54.66,39.24,35.33,43.06,54.3,61.88,87.03,104.11,100.89,93.71,108.92,97.04,113.84,131.66,158.76
CBRE Group Inc. Class A,CBRE,11.63,26.45,34.18,22.44,3.99,16.58,27.66,20.17,24.44,27.65,38.83,29.11,33.71,46.46,50.35,35.74,80.05
Equity Residential,EQR,32.1,46.25,48.23,44.26,18.39,39.13,56.67,62.57,55.55,58.56,77.56,75.17,62.14,61.04,74.98,57.7,72.51
Hologic Inc.,HOLX,8.01,27.12,30.65,29.69,12.68,18.53,22.09,21.78,22.82,21.78,32.58,34.6,43.03,36.64,48.19,32.7,74.34
Zebra Technologies Corporation Class A,ZBRA,47.82,44.92,38.78,34.53,19.26,29.93,39.32,41.45,46.15,69.58,89.56,68.15,91.43,137.4,211.91,176.46,491.78
Realty Income Corporation,O,22.78,23.58,28.2,26.03,18.88,30.44,34.9,38.84,45.57,40.53,51.48,62.25,59.71,51.17,72.73,46.47,65.11
Viatris Inc.,VTRS,#N/A,#N/A,#N/A,#N/A,#N/A,#N/A,#N/A,#N/A,#N/A,#N/A,#N/A,#N/A,#N/A,#N/A,#N/A,#N/A,13.9
Fifth Third Bancorp,FITB,42.85,39.18,38.1,22.49,3.07,13.59,13.99,14.44,16.14,23.08,18.92,16.8,25.29,30.95,26.25,13.46,37.98
Qorvo Inc.,QRVO,#N/A,#N/A,#N/A,#N/A,#N/A,#N/A,#N/A,#N/A,#N/A,#N/A,78.8,50.82,68.05,68.53,73.21,74.58,192.9
Church & Dwight Co. Inc.,CHD,8.9,9.16,12.78,13.86,13.03,16.93,19.97,24.77,32.24,34.28,42.7,46.85,49.89,48.93,71.97,63.8,86.53
FLEETCOR Technologies Inc.,FLT,#N/A,#N/A,#N/A,#N/A,#N/A,#N/A,34.08,38.96,77.24,117.68,152.51,148.64,150.15,198.16,249.06,173.22,279.5
Alexandria Real Estate Equities Inc.,ARE,63.51,93.28,100.37,98.36,36.33,68.03,78.43,73.41,70.87,71.9,96.78,90.56,110.75,121.79,141.54,131.24,169.72
Vulcan Materials Company,VMC,57.41,88.87,116.48,71.28,45.96,49.09,46.28,43.19,50.24,66.48,84.22,107.21,119.36,112.24,120.19,107.12,166.39
Fortinet Inc.,FTNT,#N/A,#N/A,#N/A,#N/A,#N/A,8.85,20.39,28.42,22.98,22.7,34.06,31,38.26,52.43,85.22,100.47,186.39
VeriSign Inc.,VRSN,27.92,23.76,25.16,34.39,19.05,26.36,36.48,38.75,47.29,53.95,66.57,89.64,87.63,115.74,185.96,175.46,201.9
CDW Corp.,CDW,#N/A,#N/A,#N/A,#N/A,#N/A,#N/A,#N/A,#N/A,#N/A,28.43,36.74,41.76,57.65,68.84,98.62,88.83,169.44
International Paper Company,IP,36.35,34.72,36.4,28.21,7.49,25.24,30.42,35.17,46.31,45.86,54.9,40.97,50.19,51.13,47.65,30.15,54.29
Teradyne Inc.,TER,14.29,15.89,16.54,12.92,4.49,11.24,17.84,17.02,15.84,20.07,18.73,21.75,30.88,43.79,41.78,52.14,128.81
Paycom Software Inc.,PAYC,#N/A,#N/A,#N/A,#N/A,#N/A,#N/A,#N/A,#N/A,#N/A,#N/A,31.66,35.43,57.79,103.88,190.28,187.44,376.75
Catalent Inc,CTLT,#N/A,#N/A,#N/A,#N/A,#N/A,#N/A,#N/A,#N/A,#N/A,#N/A,30.86,26.6,28.29,39.26,40.73,48.02,106.54
Kansas City Southern,KSU,19.96,24.12,35.58,40.71,12.62,36.54,54.47,72.64,108.57,103.12,102.98,85.82,86,108.23,117.79,122.13,266.98
CarMax Inc.,KMX,15.3,15.98,24.54,19.59,12.46,26.08,32.53,34.5,41.18,47.5,68.39,51.75,56.67,59.92,69.07,52.36,123.31
Old Dominion Freight Line Inc.,ODFL,6.15,7.9,8.57,9.93,7.23,9.81,15.68,21.46,24.98,37.85,50.37,46.31,56.32,94.38,99.51,122.33,243.69
Republic Services Inc.,RSG,22.39,28.65,27.82,29.63,16.88,29.18,30.1,30.88,32.48,34.24,40.03,48.24,62.48,65.84,79.99,72.71,99.72
Entergy Corporation,ETR,71.24,69.3,104.92,110.4,68.7,82.32,67.64,67.49,63.39,67.06,77.69,79.97,75.69,78.89,94.36,85.58,99.64
Tyson Foods Inc. Class A,TSN,16.53,13.77,19.41,16.83,9.78,19.5,19.32,19.44,24.65,43.45,38.4,68.09,61.98,68.64,69.7,55.34,74.87
Northern Trust Corporation,NTRS,43.13,52.29,59.96,71.19,62.96,56.64,51.69,47.83,54.38,65.75,70.05,65.85,86.22,101.41,92.7,73,105.63
Synchrony Financial,SYF,#N/A,#N/A,#N/A,#N/A,#N/A,#N/A,#N/A,#N/A,#N/A,#N/A,30.41,29.33,33.76,32.66,32.58,14.51,41.66
Martin Marietta Materials Inc.,MLM,56.32,108.39,135.75,112.13,84.91,86.5,91.19,85.72,101.91,128.1,138.1,162.05,214.43,201.37,204,186.12,333.88
United Rentals Inc.,URI,19.86,35.75,27.5,18.84,4.29,9.27,33.78,44.25,53.16,95.94,91.48,60.81,123.83,166.6,118.11,95.98,331.71
Akamai Technologies Inc.,AKAM,12.51,33.19,49.52,30.83,19.88,31.41,37.6,36.73,34.9,59.62,70.31,55.22,58.1,69.25,73,91.6,102.83
Ameren Corporation,AEE,49.06,50.11,50.3,44.93,23.42,26.45,28.17,32.5,34.93,40.76,42.37,50.54,54.57,56.69,72.79,67.73,81.03
Quest Diagnostics Incorporated,DGX,52.51,51.2,49.77,47.05,47.36,59.07,57.44,62,56.32,59.98,75.58,72.57,98.01,97.81,90.14,78.77,129.44
Cooper Companies Inc.,COO,72.68,53.19,48.85,35.36,26.44,38.97,69.6,82.25,106.55,138.37,186.59,157.6,199.63,221.67,295.82,273.05,385.49
Ventas Inc.,VTR,19.49,24.51,32,36.04,16.69,35.99,47.4,50.17,64.37,53.76,63.96,63.23,65.1,49.39,63.26,22.95,54.4
ONEOK Inc.,OKE,13.59,14.47,19.7,19.97,10.1,20.47,29.49,35.72,42.42,59.14,48.34,28.73,55.31,56.14,70.35,19.2,51.35
Albemarle Corporation,ALB,17.99,22.89,42.02,36.99,22.45,42.87,60.1,65.18,61.3,66.45,52.57,65.2,105.03,88.96,84.2,54.84,150.74
Teleflex Incorporated,TFX,51.72,70.94,68.07,50.26,38.81,64.3,58.73,61.24,84.26,107.47,119.6,158.63,193.73,250.04,302.26,279.8,414.15
Xylem Inc.,XYL,#N/A,#N/A,#N/A,#N/A,#N/A,#N/A,#N/A,28.32,27.25,37.15,35.41,41.25,49.45,75.1,80.56,59.77,104.64
Western Digital Corporation,WDC,12.9,19.83,16.81,27.94,19.91,39.01,38.18,41.91,50.4,93.54,92.35,46.6,82.14,89.99,49.31,38.67,71.37
Garmin Ltd.,GRMN,22.5,40.57,54.3,54.85,22.07,37.99,33.75,47.3,32.6,55.65,47.07,39.69,50.24,58.06,87.88,71.41,132.51
Hartford Financial Services Group Inc.,HIG,67.25,80.7,95.58,79,7.67,28.88,27.75,21.95,25.58,35.69,41.79,46.8,48.13,50.46,49.86,33.46,68.28
Expedia Group Inc.,EXPE,#N/A,18.39,21.49,22.66,8.8,22.98,20.93,33.33,60.5,75.9,94.17,108.2,126.14,106.79,120.25,52,175.93
Arista Networks Inc.,ANET,#N/A,#N/A,#N/A,#N/A,#N/A,#N/A,#N/A,#N/A,#N/A,#N/A,69.62,62.14,131.7,253.51,318.36,192.77,308.04
Tyler Technologies Inc.,TYL,7.45,10.79,12.7,14.2,14.72,18.9,24.04,39.14,60.16,86.35,121.21,132.83,153.53,204.33,206.87,291.58,431.82
Occidental Petroleum Corporation,OXY,35.32,45.19,47.3,71.83,54.99,83.07,100.05,93.51,75.73,91.03,74.21,68.2,63.74,64.67,67.18,10.74,27.38
Amcor PLC,AMCR,#N/A,#N/A,#N/A,#N/A,#N/A,#N/A,#N/A,#N/A,#N/A,#N/A,#N/A,#N/A,#N/A,#N/A,#N/A,7.86,11.66
Trimble Inc.,TRMB,8.42,10.96,13.54,14.12,7.86,14.26,25.84,27.22,29.08,39.3,24.71,25.05,31.75,34.92,40.98,29.1,80.74
M&T Bank Corporation,MTB,100.89,114.48,107.83,85.19,48.12,79.57,89.69,87,102.5,121.77,126.26,112.42,154.49,179.89,161.73,95.86,153.17
PerkinElmer Inc.,PKI,20.32,23.67,24.2,25.06,12.9,24.15,26.38,27.97,33.44,45.45,50.6,50.34,58,74.08,97.59,70.83,129.88
Dover Corporation,DOV,24.95,32.36,32.68,29.41,17.92,31.47,45.02,42.88,48.06,66.79,56.03,51.77,65.67,77.38,95.96,79.98,137.93
Incyte Corporation,INCY,6.7,3.58,6.68,10.98,2.23,14.3,15.85,19.73,23,54.76,89.44,73.3,138.52,80.56,85.95,74.18,83.01
FirstEnergy Corp.,FE,41.97,48.82,66.24,71.22,38.76,39.46,37.25,45.8,42.04,33.52,34.49,36.03,31.46,33.86,41.45,38.86,34.31
Broadridge Financial Solutions Inc.,BR,#N/A,#N/A,19.7,18.5,18.5,21.32,22.95,24.19,24.43,37.9,54.9,59.42,67.64,107.51,104.99,91.32,154.92
KeyCorp,KEY,32.01,37,37.18,23.49,8.35,7.8,8.95,8.48,9.82,14.37,14.16,10.97,17.73,19.03,16.35,9.45,20.27
Conagra Brands Inc.,CAG,20.75,16.85,19.38,18.83,13.02,19.63,18.55,20.66,27.72,23.98,28.68,35.61,40.35,35.89,27.63,29.76,37.29
W.W. Grainger Inc.,GWW,62.62,75.68,77.24,79.3,71.77,109.53,140.88,218.19,219.81,253.05,231.88,234.38,231.2,276.64,311.26,236.52,406.35
Waters Corporation,WAT,35.84,43.19,58.2,57.07,38.1,67.85,87.93,93.99,93.7,108.88,123.47,133.41,156.7,195.98,252.98,182.31,284.72
Regions Financial Corporation,RF,32.33,35.16,35.37,21.45,4.41,7.77,7.29,6.58,8.02,11.25,9.46,7.89,14.58,18.16,14.67,8.3,21.06
AES Corporation,AES,16.53,16.68,21.52,16.85,5.92,11.3,13.09,13.04,12.51,14.31,12.83,11.57,11.19,11.37,17.92,12.8,27.07
CMS Energy Corporation,CMS,12.99,13.01,17.8,13.78,11.95,15.62,19.7,22.3,27.8,29.14,35.2,42.71,44.83,45.01,54.99,55.71,61.02
Healthpeak Properties Inc.,PEAK,21.68,25.33,32.8,31.47,15.73,30.01,34.35,36.22,45.75,35.34,39.69,29.69,31.1,23.18,31.18,21.29,32.71
Citrix Systems Inc.,CTXS,18.48,30.4,25.87,24.11,18.81,37.35,59.93,63.67,56.88,46.57,50.05,63.34,83.44,91.33,99.69,139.14,140.32
Tractor Supply Company,TSCO,10.59,16.01,12.96,10.06,9.25,14.85,30.53,45.93,51.39,71.72,84.71,91.81,68.18,60.39,97.49,84,176.5
Las Vegas Sands Corp.,LVS,44.26,55,86.61,77.62,3.74,21.3,43.65,58.02,55.36,82.75,54.97,51.72,57.18,70.58,63.35,40.3,61.85
Cardinal Health Inc.,CAH,39.14,53.39,52.22,38.85,22.31,36.28,42.21,42.76,41.85,69.73,88.85,82.16,80.96,61.01,49.12,47.71,60.88
Hewlett Packard Enterprise Co.,HPE,#N/A,#N/A,#N/A,#N/A,#N/A,#N/A,#N/A,#N/A,#N/A,#N/A,#N/A,10.72,13.64,17.12,15.9,9.58,15.7
Nasdaq Inc.,NDAQ,10.46,39.52,29.58,41.08,18.95,21.15,28.23,25.93,32.01,35.78,50.46,66.09,68.91,85.53,88.4,92.27,150.85
STERIS Plc,STE,24.55,24.6,26.56,27.44,22.88,34.12,34.61,31.52,41.16,48.81,68.64,72.25,69.9,91.02,127.43,137.7,193.5
Ulta Beauty Inc,ULTA,#N/A,#N/A,#N/A,14.32,6.72,22.15,48.45,93.92,81.69,98.98,150.98,194.18,282.03,203.13,352.55,161.5,313.62
Citizens Financial Group Inc.,CFG,#N/A,#N/A,#N/A,#N/A,#N/A,#N/A,#N/A,#N/A,#N/A,#N/A,24.36,21.35,34.82,41.1,33.75,17.3,44.94
NVR Inc.,NVR,794.5,753,665,625,431,721.55,756.42,719.8,1070.35,1148.98,1329.82,1749.29,2113.02,2922.07,2766.99,2410,4785.18
Ingersoll Rand Inc.,IR,19.29,32.03,34.85,38.31,22.44,45.62,79.57,63.28,75.09,57.16,67.05,62.08,81.22,29.13,27.96,23.79,49.61
Essex Property Trust Inc.,ESS,69.45,106.7,129.48,121.48,58.48,90.86,124.95,151.12,151.5,174,227.12,232.82,230.87,237,288.27,200.32,276.49
Halliburton Company,HAL,22.33,36.44,31.74,39.42,15.55,30.74,49.34,33.45,39.93,59.63,43.82,35.09,49.28,46.09,30.14,6.6,21.92
AmerisourceBergen Corporation,ABC,13.67,23.57,25.59,20.88,16.36,28.59,40.35,39.19,51.64,65.91,112.03,86.51,87.33,82.67,79.09,86.23,116.89
Darden Restaurants Inc.,DRI,27.8,36.49,36.88,30.75,31.25,39.85,43.56,45.9,45.58,46.1,60.41,67.04,83.21,84.07,120.48,46.02,144.28
ABIOMED Inc.,ABMD,10.6,12.9,13.45,13.09,4.95,10,14.65,22.39,18.3,26.2,69.92,96.58,125.05,279.11,277.76,144.48,315.34
Mid-America Apartment Communities Inc.,MAA,36.22,52.86,56.26,53.53,30.23,51.24,64.58,67.86,69.21,68.15,77.32,102.52,101.77,90.28,108.83,98.74,146.64
Expeditors International of Washington Inc.,EXPD,26.43,43.49,41.19,47.56,27.86,36.65,50.81,46.58,35.37,39.73,47.86,48.85,56.03,62.25,77.6,65.48,108.76
Duke Realty Corporation,DRE,29.86,37.02,43.47,23.99,5.28,12.46,14.16,14.42,17.09,16.87,21.76,22.27,26.62,25.74,30.78,30.18,42.86
Extra Space Storage Inc.,EXR,12.99,16.76,18.94,16.83,5.64,12.71,20.49,29.04,39.44,49.45,67.34,93.51,75.54,85.76,101.18,94,135.45
Kellogg Company,K,42.69,44.02,51.43,54.1,37.59,53.61,54,53.74,63.93,62.62,66.18,77.86,72.37,63.12,56.02,61.09,63.34
Seagate Technology PLC,STX,19.4,26.22,23.3,21.61,5.98,18.11,14.94,27.96,36.72,57,51.79,33.69,45.3,57.75,48.43,47.86,78.49
Hess Corporation,HES,32.81,46.91,56.51,92.49,55.48,63.7,86.74,59.55,73.54,83.96,69.18,52.03,46.97,48.5,60.84,31.98,74.48
Nucor Corporation,NUE,29.2,54.02,65.13,69.32,40.02,45.95,46.2,43.49,45.14,50.63,46.31,47.52,60.21,59.85,59.71,35.9,79.88
NetApp Inc.,NTAP,27.25,36.07,35.91,20.9,15.4,34.26,48.2,45.05,34.06,37.12,35.27,26.97,41.65,59.16,70.38,40.01,73.65
Domino's Pizza Inc.,DPZ,18.65,28.62,32.47,14.03,6.42,13.78,18.47,36.98,50.84,78.62,100.5,133.47,186.23,230.42,249.45,333.77,373.38
Pool Corporation,POOL,31.8,48.21,36.1,19.98,13.64,22.6,24.4,37.72,47.36,62.42,68.97,88.39,119.4,143.52,167.83,195.01,351.57
Masco Corporation,MAS,30.43,29.31,24.32,18.46,6.2,14.03,12.53,11.73,17.65,19.93,23.14,32.04,33.41,39,39.31,33.2,60.99
Celanese Corporation,CE,18.1,20.58,30.84,40.96,14.18,32.46,44.46,46.8,43.02,56.03,55.42,66.63,89.74,98.56,101.23,68.05,151.89
IDEX Corporation,IEX,26.39,34.18,33.92,31.7,22.46,33.16,44.45,42.42,52.48,73.64,75.25,84.01,92.87,139.4,155.78,133.2,212.25
FMC Corporation,FMC,11.51,13.27,16.32,24.78,19.43,26.5,37.32,46.68,48.65,67.01,49.42,34.92,60.99,64.99,78.94,76.97,111.92
Leidos Holdings Inc.,LDOS,#N/A,#N/A,47.96,51.38,51.38,47.79,47.32,36.24,37.72,37.05,41.98,51.39,50.55,64.88,64.89,87.15,96.45
Carnival Corporation,CCL,50.78,47.55,46.86,43.14,23.04,39.24,38.25,31.69,33.96,38.4,47.48,52.75,58.72,64.62,52.19,8.8,26.86
Teledyne Technologies Incorporated,TDY,30.81,35.1,37.44,48.45,27.41,41.07,51.7,63.14,78.04,99.13,106.69,88.95,126.02,183.53,240.21,277.11,417.43
Gartner Inc.,IT,9.55,13.75,23.95,19.97,10.98,22.41,42.1,43.09,54.48,70.31,83.41,90.58,108.95,116.06,154.98,93.29,187.27
Genuine Parts Company,GPC,43.48,43.7,49,41.66,30.41,42.66,54.09,63.28,77.12,86.8,91.75,99.72,90.34,86.76,113.1,62.74,116.62
Baker Hughes Company Class A,BKR,45.55,67.75,66.13,70.49,28.73,48.33,72.41,42.46,45.73,65.58,63.83,42.95,59.69,27.77,27.84,9.8,21.73
Westinghouse Air Brake Technologies Corporation,WAB,10.32,16.73,17.25,19.52,13.34,21.33,34.18,37.94,50.25,78.57,94.2,80.3,78.04,79.78,74.67,46.12,78.99
Eastman Chemical Company,EMN,29.57,25.76,31.67,32.16,14.18,32.49,50.2,52.81,69.14,86.12,68.2,73.66,79.96,102.69,78.52,45.51,111.29
Omnicom Group Inc,OMC,43.78,41.3,51.19,45.09,23.83,38.83,49.16,49.91,58.88,72.36,77.68,83.9,85.7,71.27,73.62,51.67,75.91
Huntington Bancshares Incorporated,HBAN,23.34,24.14,21.6,11.47,1.9,5.39,6.81,6.56,7.33,10.16,11,9.56,13.35,14.67,13.14,7.45,15.98
Jacobs Engineering Group Inc.,J,25.91,43.84,46.65,76.56,39.39,45.77,51.54,44.75,55.13,63.79,44.31,43.76,54.67,57.72,77.1,79.22,129.95
Hormel Foods Corporation,HRL,7.74,8.54,9.39,10.55,7.97,10.54,14.12,14.81,20.36,24.45,28.55,43.91,34.51,33.49,43.78,46.35,47.6
Brown-Forman Corporation Class B,BF.B,14.46,20.39,17.48,18.63,10.4,16,18.3,22.57,28.42,35.87,35.64,39.67,36.7,53.24,53.59,53.47,69.65
J.M. Smucker Company,SJM,49.68,40.03,54.22,51.78,37.48,60.33,72.44,81.44,98.95,97.14,115.48,132.52,131.08,119.77,115.73,109.6,126.25
Cincinnati Financial Corporation,CINF,41.23,42.47,42.57,39.72,23.72,29.08,32.99,34.8,47.12,47.83,53.27,65.96,71.58,72.37,86.31,73.57,104.14
Principal Financial Group Inc.,PFG,38.11,49.02,59.87,58.68,8.16,29.44,31.73,29.93,33.64,46.87,51.02,39.88,63.09,59.42,51.98,27.4,60.86
Boston Properties Inc.,BXP,59.65,91.55,117.4,97.82,34.74,75.47,96.54,105.21,100.5,115.71,139.71,127.29,133.02,121.46,135.46,85.25,104.26
Avery Dennison Corporation,AVY,61.91,58.68,64.26,52.51,22.75,36.4,42.09,30.02,42.39,51.11,52.98,72.86,80.97,103.87,113.69,95.93,188.07
Packaging Corporation of America,PKG,24.53,22.72,24.4,23.2,13.32,24.77,29.13,29.51,44.54,71.25,76.79,60.73,90.79,109.93,102.7,83.9,135.57
Bio-Rad Laboratories Inc. Class A,BIO,48.71,62.47,69.84,92.09,66.59,104.2,123.36,102.92,125.18,129.27,136.39,139.42,201.48,247.38,307.4,334.87,579.91
NortonLifeLock Inc.,NLOK,21.77,16.99,17.04,17.42,15.29,16.77,18.46,18.8,24.46,20.18,23.33,18.41,30.24,25.2,23.19,18.76,21.42
Raymond James Financial Inc.,RJF,20.17,29.53,29.76,24.75,18.88,27.1,38.62,36.54,45.65,55.58,56.46,47.79,76.26,86.33,83.08,58.98,126.51
Fortune Brands Home & Security Inc.,FBHS,#N/A,#N/A,#N/A,#N/A,#N/A,#N/A,#N/A,21.71,36.23,42.53,46.7,56.47,60.62,57.12,47.89,39.38,97.15
Alliant Energy Corp,LNT,13.63,16.12,22.41,17.77,12.34,16.9,19.64,21.67,24.96,28.28,31.43,37.52,39.59,40.79,46.85,44.97,54.36
Evergy Inc.,EVRG,21.56,21.3,27.86,22.88,17.53,22.59,26.74,28.05,33.07,34.8,38.86,50.35,54.73,51.79,57.43,51.75,59.93
Royal Caribbean Group,RCL,44.27,42.67,42.16,35.85,8.69,33.83,40.83,29.13,32.62,56.12,82.21,81.88,97.7,116.26,115.61,25.77,86.67
F5 Networks Inc.,FFIV,25.14,34.57,32.45,19.09,21.49,62.14,93.56,136.66,87.91,109.66,114.31,105.58,141.02,140.71,161.47,103.73,211.11
Hasbro Inc.,HAS,20.4,20.86,28.62,29.27,25.24,38.36,47.39,37.29,43.56,56.39,63.79,79.19,99.59,83.75,85.68,70.08,95.46
PulteGroup Inc.,PHM,37.13,38.05,26.46,15.44,11.23,11.12,7.48,8.67,20.12,19.63,22.29,18.42,23.48,28.57,27.89,20.8,53.48
MGM Resorts International,MGM,35.19,42.93,71.58,61.49,2.63,12.04,13.26,13.72,12.82,26.53,20.88,21.92,27.75,33.88,26.59,11.77,39.7
DENTSPLY SIRONA Inc.,XRAY,26.88,28.65,33.06,39.99,26.19,34.48,36.99,40.44,42.11,47,50.26,61.49,62.64,49.03,49.84,37.31,63.44
C.H. Robinson Worldwide Inc.,CHRW,25.61,49.38,47.5,57.24,45.35,55.68,74.9,65.91,58.6,52.16,71.99,73.65,76.71,92.23,88.3,66.57,97.15
United Airlines Holdings Inc.,UAL,#N/A,39.13,38.35,23.13,4.86,19.51,22.94,21.49,30.97,46.9,64.01,56.72,71.35,66.77,80.87,25.65,57.82
Whirlpool Corporation,WHR,66.87,92.28,84.91,91.28,30.82,87.77,86.03,75.77,116.07,153.3,201.39,183.31,170.72,150.46,134.47,80.6,225.3
Lumen Technologies Inc.,LUMN,32.84,39.17,45.19,33.75,28.38,35.88,41.03,38.73,34.86,33.08,35.5,32.18,23.6,16.29,12.37,8.79,13.11
CenterPoint Energy Inc.,CNP,11.94,12.04,17.94,14.66,10.28,14.5,17.75,19.87,23.8,23.82,20.78,21.2,27.55,26.98,30.7,14.12,22.65
J.B. Hunt Transport Services Inc.,JBHT,21.85,22,27.6,33.1,23.87,35.61,44.85,55.12,73.42,73.03,85.24,84.49,90.38,115.36,103.45,90.5,169.8
UDR Inc.,UDR,20.85,28.27,30.62,25.49,8.12,17.74,24.47,26.9,24.3,25.86,33.73,38.38,36.05,35.18,45.26,32.98,44.36
Jack Henry & Associates Inc.,JKHY,17.96,23.31,24,25.8,17.4,24.35,33.75,34.36,45.84,56.57,69.61,85.13,92.81,119.36,140.34,147.08,154.59
Atmos Energy Corporation,ATO,26.93,26.22,31.28,26.27,22.95,28.95,34.58,31.51,42.28,46.94,55.82,74.56,78.9,82.85,102.07,94.64,98.24
Lamb Weston Holdings Inc.,LW,#N/A,#N/A,#N/A,#N/A,#N/A,#N/A,#N/A,#N/A,#N/A,#N/A,#N/A,#N/A,42,58.07,73.97,51,78.08
WestRock Company,WRK,#N/A,#N/A,#N/A,#N/A,#N/A,#N/A,#N/A,#N/A,#N/A,#N/A,#N/A,35.36,51.23,61.95,39.77,26.71,52.19
Fox Corporation Class A,FOXA,#N/A,#N/A,#N/A,#N/A,#N/A,#N/A,#N/A,#N/A,#N/A,#N/A,#N/A,#N/A,#N/A,#N/A,36.85,22.34,36.31
Loews Corporation,L,41.4,33.2,46.15,41.9,22.59,37.87,43.51,40.37,43.97,44.35,40.43,38.53,46.74,48.65,48.68,32.63,52.25
Textron Inc.,TXT,37.79,47.05,44.9,57.9,6.45,21.4,27.4,28.84,29.19,39.89,44.8,36.69,46.92,57.65,51.58,24.86,57.03
NRG Energy Inc.,NRG,17.36,23.03,36.02,40.05,17.14,21.46,21.65,15.6,26.5,31.68,23.6,12.77,18.73,30.34,41.78,26.84,37.46
BorgWarner Inc.,BWA,12.07,14.91,18.86,22.55,10.48,19.61,40.52,42.73,38.35,63.07,60.09,37.68,40.34,48.84,40.52,22.66,46.3
American Airlines Group Inc.,AAL,#N/A,#N/A,#N/A,#N/A,#N/A,#N/A,#N/A,#N/A,#N/A,37.94,50.44,39.52,42.45,49.78,32.35,10.69,23.86
Cboe Global Markets Inc,CBOE,#N/A,#N/A,#N/A,#N/A,#N/A,#N/A,27.51,28.13,36.71,56.32,56.72,66.89,80.67,112.48,96.83,88.18,100.86
Advance Auto Parts Inc.,AAP,33.8,41.57,38.78,35.54,42.09,42.36,66.16,88.98,82.34,127.25,143.75,160.42,145.5,111.93,173.63,89.17,185.96
Allegion PLC,ALLE,#N/A,#N/A,#N/A,#N/A,#N/A,#N/A,#N/A,#N/A,#N/A,53.92,61.08,65.38,75.72,83.24,92.64,84.59,127.75
Quanta Services Inc.,PWR,7.6,16.03,25.4,24.48,21.46,19.55,22.79,21.03,27.91,37.04,28.4,22.46,36.48,33.53,38.64,30.79,89.17
LKQ Corporation,LKQ,2.48,5.03,5.54,11.23,7.15,10.17,12.09,15.71,21.42,27.16,25.4,32.16,28.7,37.15,29.21,19.13,42.95
Snap-on Incorporated,SNA,31.48,38.43,48.1,54.32,26.04,43.67,61.08,61.31,81.87,113.95,147.23,159.24,167.22,145.53,159.26,104.26,231.74
Universal Health Services Inc. Class B,UHS,26.17,25.18,28.63,27.56,19.26,36.71,49.8,42.36,64.92,82.31,112.96,125.39,125.07,116.38,134.75,87.92,134.4
Devon Energy Corporation,DVN,49.55,61.78,70.11,104.01,46.48,65.83,92,72.33,55.52,67.68,61.58,26.61,42.03,30.35,31.54,6.79,23.5
Wynn Resorts Limited,WYNN,66.04,74.91,96.06,111.19,21.55,77.4,133.01,125.48,123.19,227.18,125.53,94.74,116.34,181,129.34,54,128.1
L Brands Inc.,LB,24.11,24.32,26.06,18.2,9.17,24.8,32.99,48.38,44.67,57.44,93.17,88.08,45.8,37.06,27.21,10.23,61.8
Howmet Aerospace Inc.,HWM,#N/A,#N/A,#N/A,#N/A,#N/A,#N/A,#N/A,#N/A,#N/A,#N/A,#N/A,#N/A,21.29,17.96,15.99,13.2,31.82
Campbell Soup Company,CPB,28.47,32.65,38.95,34.51,27.74,35.56,33.22,33.83,45.75,44.56,46.57,65.16,56.89,42.25,37.85,45.98,49.97
Interpublic Group of Companies Inc.,IPG,12.18,9.72,12.31,8.55,4.45,8.49,12.62,11.16,12.91,17.3,21.96,23.07,24.39,22.67,21.17,14.54,29.35
Live Nation Entertainment Inc.,LYV,#N/A,19.17,21.55,12.81,2.81,14.42,9.98,9.35,12.17,22.31,25.31,22.25,30.67,38.17,64.48,38.88,88.07
Iron Mountain Inc.,IRM,18.97,27.07,26.13,26.47,22.15,27.45,31.53,28.9,36.02,27.84,36.29,32.73,35.33,32.37,35.75,22.22,37.3
Henry Schein Inc.,HSIC,14.01,18.57,21.73,23.19,15.62,23.07,27.78,29.88,36.03,47,54.18,67.77,66.26,51.6,60.99,48.57,68.67
Host Hotels & Resorts Inc.,HST,16.41,20.99,26.31,17.01,3.91,14.81,17.42,16.54,17.42,20.56,20.26,16.06,18.37,18.29,19.28,10.28,17.11
Molson Coors Beverage Company Class B,TAP,38.99,34.58,47.31,54.05,34.7,43.1,47.24,45.66,51.9,58.87,74.51,96.95,95.46,73.09,60.37,37.85,51.9
Western Union Company,WU,#N/A,#N/A,21.95,21.5,12.68,17.06,20.77,18.13,14.66,16.77,20.56,19.49,19.77,18.93,18.66,17.6,25.15
Mosaic Company,MOS,15.85,14.3,26.85,101.45,43.93,58.33,80.37,55.67,59.26,49.8,45.47,26.84,28.91,23.67,27.84,10.11,31.26
Newell Brands Inc,NWL,21.92,25.51,31.17,23.61,6.64,15.62,19.25,17.87,25.93,30.3,39.98,45.54,46.98,24.73,15.44,12.39,27.06
CF Industries Holdings Inc.,CF,#N/A,3.41,7.71,21.31,14.5,18.48,27.86,37.56,38,53.28,56.83,32.13,28.42,36.62,41.82,25.85,45.91
Diamondback Energy Inc.,FANG,#N/A,#N/A,#N/A,#N/A,#N/A,#N/A,#N/A,#N/A,27.4,66.41,77.4,76.77,104.08,122.26,103.69,25.07,81.22
Pentair plc,PNR,26.28,27.17,20.92,22.4,15.18,24.23,25.52,31.64,34.66,53.88,42.3,35.96,41.82,45.17,45.49,27.36,62.39
W. R. Berkley Corporation,WRB,14.54,26.47,22.05,19.11,15.35,17.44,21.92,24.23,29.43,27.61,33.47,37.83,46.45,47.69,56.55,50.24,76.49
Tapestry Inc.,TPR,27.79,34.43,50.05,32.09,17,40.14,52.7,78.46,49.99,49.65,41.62,40.52,40.62,51.48,33.39,11.07,41.03
Globe Life Inc.,GL,22.87,25.33,29.15,28.18,11.75,24.06,29.9,33.47,39.64,52.73,54.98,54.69,76.66,82.2,84.16,66.02,98.69
DaVita Inc.,DVA,21,29.38,26.32,24.28,22.19,31.82,43.27,44.86,59.96,69.34,80.05,73.97,67.64,63.79,54.92,72.6,105.44
Mohawk Industries Inc.,MHK,83.04,79.99,82.05,74.37,31.75,54.73,62.5,66.39,112.34,137.38,184.66,192.41,228.33,227.61,127.88,66.92,198.28
Pinnacle West Capital Corporation,PNW,42.53,39.07,48.25,36.02,27.15,38.11,43.28,48.12,57.66,54.28,64.04,75.49,83.51,78.94,94.88,70.84,81.81
NiSource Inc,NI,8.99,8.06,9.6,7.01,3.93,6.35,7.61,9.62,11.46,14.04,17.39,23.82,23.68,23.85,28.18,23.06,24.07
Everest Re Group Ltd.,RE,83.66,93.8,96.17,93.71,72.37,80.81,90.46,93.46,129.54,151.89,173.1,199.27,233.8,254.42,217.33,181.24,251.11
Lincoln National Corporation,LNC,44.81,55.07,67.79,54.38,7.07,31.51,30.51,26.56,32.24,50.9,56.87,39.81,65.23,70.97,61.91,23.85,62.9
IPG Photonics Corporation,IPGP,#N/A,#N/A,18.89,15.97,8.75,14.94,55.06,53.77,65.03,72.99,91.94,95.99,119.44,224.92,162.09,105.8,217.8
Juniper Networks Inc.,JNPR,21.53,18.87,20.09,25.78,15.78,30.45,41.26,22.73,18.54,26.43,22.5,25.56,27.72,24.07,27.2,19.22,25.62
Nielsen Holdings Plc,NLSN,#N/A,#N/A,#N/A,#N/A,#N/A,#N/A,27.29,30.17,35.38,45.19,44.96,53.45,41.87,30.83,24.28,11.85,25.33
Comerica Incorporated,CMA,54.69,58.58,59.12,37.72,19.19,37.97,36.95,32.29,35.28,51.65,45.11,37.68,68.44,93.82,76.08,27.17,71.74
Invesco Ltd.,IVZ,12.86,19.37,22.1,26.09,14.57,22.09,26,26.77,28.37,37.46,39.78,31.38,30.59,30.84,19.97,8.01,25.75
Rollins Inc.,ROL,2.45,2.67,3.03,3.46,3.34,4.27,6.1,6.26,7.24,9.16,10.96,12.16,15.99,22.23,27.97,23.44,34.83
Assurant Inc.,AIZ,33.44,49.41,53.97,63.92,22.52,34.89,38.31,40.53,44.98,65.8,61.16,78.11,95.01,88.18,96.15,102.12,142.3
Robert Half International Inc.,RHI,26.22,38.64,37.01,26.31,18.23,30.5,31.07,30.79,37.37,42.65,59.33,47.2,46.86,57.48,66.57,38.17,77.66
A. O. Smith Corporation,AOS,4.75,8.85,6.37,5.78,4.2,8.75,11.04,11.1,17.84,23.19,32.62,38.89,50.46,61.61,53.99,35.61,67.87
News Corporation Class A,NWSA,#N/A,#N/A,#N/A,#N/A,#N/A,#N/A,#N/A,#N/A,#N/A,17.44,16.11,13.03,12.79,15.41,12.52,8.64,26.06
Cabot Oil & Gas Corporation,COG,4.7,6.15,8.41,12.87,6.1,9.44,13.51,16.02,33.39,34.28,30.02,22.51,24.01,23.15,25.87,16.64,19.09
Regency Centers Corporation,REG,47.88,66.53,83.55,68.34,26.55,37.46,43.6,44.51,52.94,51.31,67.71,75.33,66.45,57.7,67.68,35.53,57.62
Zions Bancorporation N.A.,ZION,68.27,82.58,83.09,48.68,10.38,21.88,23.52,21.43,24.78,31.22,26.93,24.17,41.77,51.37,46.72,25.32,55.41
DISH Network Corporation Class A,DISH,27.73,28.92,41.22,29.45,11.41,20.49,24.16,33.2,37.61,63.17,68.94,45.76,62.35,36.79,32.76,18.7,36.8
Franklin Resources Inc.,BEN,22.72,31.58,40.28,34.86,18.2,37.88,42.4,42.19,49.9,54.42,51.36,39.46,41.75,33.45,33.78,15.86,30.16
Kimco Realty Corporation,KIM,26.48,39.5,48.38,41.33,7.22,15.74,17.91,19.23,22.35,21.78,26.38,28.63,22.09,13.99,18.18,8.3,19.2
Norwegian Cruise Line Holdings Ltd.,NCLH,#N/A,#N/A,#N/A,#N/A,#N/A,#N/A,#N/A,#N/A,29.93,33.19,54.48,54.52,50.19,51.97,56.11,9.55,27.72
FLIR Systems Inc.,FLIR,#N/A,#N/A,#N/A,#N/A,#N/A,#N/A,#N/A,#N/A,#N/A,#N/A,#N/A,#N/A,#N/A,#N/A,#N/A,#N/A,#N/A
Discovery Inc. Class A,DISCA,#N/A,7.48,9.68,10.88,8.53,16.91,20.2,25.5,38.99,41.91,30.91,28.9,28.93,21.58,27.75,19.45,43.31
Sealed Air Corporation,SEE,26.02,29.28,31.6,26.68,14.15,21.33,26.9,19.42,23.82,32.97,45.29,48.49,43.59,41.8,46.07,24.52,45.6
DXC Technology Co.,DXC,#N/A,#N/A,#N/A,#N/A,#N/A,#N/A,#N/A,#N/A,#N/A,#N/A,#N/A,#N/A,58.77,86.04,65.64,11.96,30.83
Huntington Ingalls Industries Inc.,HII,#N/A,#N/A,#N/A,#N/A,#N/A,#N/A,40.04,39.65,53.78,103.32,140.63,137.46,201.84,253.41,212.44,173.14,204.23
Alaska Air Group Inc.,ALK,7.35,8.71,9.53,5.15,4.52,10.22,15.68,17.82,31.8,47.05,64,82.01,92.37,57.75,57.32,26.35,69.49
Vornado Realty Trust,VNO,49.92,67.9,85.81,65.38,24.66,55.52,64.41,61.9,61.65,72.79,89.14,76.54,81.53,66.8,67.62,33.66,46.39
Federal Realty Investment Trust,FRT,48.6,72.43,92.05,81.59,45.51,72.67,81.59,96.95,108.67,115.6,146.43,157.09,133.84,115.65,137.23,69.41,103.95
Perrigo Co. Plc,PRGO,18.89,16.35,17.82,39.15,24.74,59.08,79.9,105.14,118.87,155.85,163.99,126.73,66.81,81.05,49.08,45.11,40.68
PVH Corp.,PVH,26.24,37.85,58.8,39.73,22.63,58.27,66.18,91.4,106.2,125.92,107.4,99.39,103.18,150.92,125.03,32.63,100.98
People's United Financial Inc.,PBCT,13.02,15.8,21.04,18.32,18.23,15.7,12.69,13.3,13.31,14.92,15.09,16.13,18.05,18.37,16.72,10.32,18.1
Marathon Oil Corporation,MRO,14.65,23.28,30.49,28.17,16.44,19.48,32.51,32.23,33.6,35.42,26.64,10.56,15.82,15.57,17.39,3.12,11.79
Apache Corporation,APA,62.74,65.71,70.7,120.87,66.07,103.87,129.98,100.97,76.71,83.76,60.63,47.5,51.04,37.9,34.97,4.02,18.85
Leggett & Platt Incorporated,LEG,29.13,24.09,22.67,15.96,13.29,21.69,24.17,23.18,33.49,32.53,45.62,48.52,50.59,43.3,42.62,24.42,46.45
Hanesbrands Inc.,HBI,#N/A,#N/A,7.35,7.54,2.59,7.05,6.85,7.3,11.4,19.47,34.18,28.43,20.7,18.18,18.18,7.39,19.37
Ralph Lauren Corporation Class A,RL,38.41,60.04,88.15,60.66,43.03,86.53,126.63,175.29,166.75,163.72,132.7,97.26,81.37,108.04,128.99,65.69,119.94
NOV Inc.,NOV,21.2,28.81,35.05,54.23,26.47,37.51,72.71,72.34,62.88,70.35,49.92,29.53,39.68,35.88,27.24,9.35,14.19
Unum Group,UNM,16.68,20.62,23.03,22.67,13.11,25.17,26.58,24.58,28.05,35.43,33.38,31.36,46.6,46.68,34.75,13.1,28.14
SL Green Realty Corp.,SLG,57.39,100.71,141.18,89.01,10.99,59.49,78.55,79.96,88.87,104.43,131.68,99.48,109.94,98.15,93.05,40.89,72.44
Flowserve Corporation,FLS,8.62,19.68,19.51,35.37,19.25,37.67,44.01,39.21,54.9,78.84,56.67,43.91,48.15,42.54,46.46,23.14,39.46
TechnipFMC Plc,FTI,#N/A,#N/A,#N/A,#N/A,#N/A,33.03,48.9,50.52,53.91,52.88,36.96,27.24,32.46,28.81,24.36,6.56,7.98
Vontier Corp,VNT,#N/A,#N/A,#N/A,#N/A,#N/A,#N/A,#N/A,#N/A,#N/A,#N/A,#N/A,#N/A,#N/A,#N/A,#N/A,#N/A,31.08
HollyFrontier Corporation,HFC,9.63,18.79,29.5,23.11,10.44,14.24,30.81,32.24,51.34,48.28,40.37,34.2,27.71,48.3,49.12,21.73,38.02
Gap Inc.,GPS,21.51,18.49,17.21,20.37,13.73,23.63,22.63,26.44,35.2,40.98,42.54,29.46,23.71,30.75,26.1,5.89,29.95
Xerox Holdings Corporation,XRX,39.44,39.78,44.5,40.1,12.51,26.32,28.66,21.47,22.66,30.14,33.38,29.24,29,28.06,33.01,17.6,24.59
Under Armour Inc. Class A,UAA,#N/A,4.2,6.63,4.78,2.08,3.95,9.46,12.42,13.06,29.96,40.71,43.75,19.65,16.1,21.1,8.26,21.97
